budget,pooled_discovery
1,0.383468709731
2,0.527532262594
3,0.604527804695
4,0.670580744448
5,0.735604205505
6,0.794435313507
7,0.836010397666
8,0.859421246199
